scope,method,operator_class,metric,mean,ci_low,ci_high,n
ALL,lora_matched,parameter_matched_frozen_feature_adapter_v1,balanced_accuracy,0.5341839373111725,0.5239883383044974,0.5443795363178476,20
ALL,lora_matched,parameter_matched_frozen_feature_adapter_v1,identity,0.21747323162853718,0.17687527622270877,0.2580711870343656,20
ALL,lora_matched,parameter_matched_frozen_feature_adapter_v1,idempotence,0.21747217327356339,0.1768741404354548,0.258070206111672,20
ALL,lora_matched,parameter_matched_frozen_feature_adapter_v1,commutation,0.0,0.0,0.0,20
ALL,lora_matched,parameter_matched_frozen_feature_adapter_v1,last_write_wins,0.21747217327356339,0.1768741404354548,0.258070206111672,20
ALL,loreft,command_conditioned_loreft_style_residual_v1,balanced_accuracy,0.536158911883831,0.5268105656319647,0.5455072581356973,20
ALL,loreft,command_conditioned_loreft_style_residual_v1,identity,0.028579101199284196,0.023570873154253828,0.03358732924431457,20
ALL,loreft,command_conditioned_loreft_style_residual_v1,idempotence,0.028474063985049723,0.02343645227721792,0.03351167569288153,20
ALL,loreft,command_conditioned_loreft_style_residual_v1,commutation,4.3275994820197514e-06,-1.708966583611167e-06,1.0364165547650669e-05,20
ALL,loreft,command_conditioned_loreft_style_residual_v1,last_write_wins,0.028496700804680586,0.023460062978579152,0.03353333863078202,20
ALL,o2,state_independent_command_indexed_o2_v1,balanced_accuracy,0.5543989479541779,0.5428699628862655,0.5659279330220902,20
ALL,o2,state_independent_command_indexed_o2_v1,identity,0.004101389518473298,0.002525246414818956,0.005677532622127639,20
ALL,o2,state_independent_command_indexed_o2_v1,idempotence,0.016666461271233855,0.009989919995888842,0.023343002546578867,20
ALL,o2,state_independent_command_indexed_o2_v1,commutation,2.1563617440406717e-15,1.2875054345593152e-15,3.0252180535220283e-15,20
ALL,o2,state_independent_command_indexed_o2_v1,last_write_wins,0.016666461154818533,0.009989920072691992,0.023343002236945076,20
LLAMA70B,lora_matched,parameter_matched_frozen_feature_adapter_v1,balanced_accuracy,0.530177116394043,0.5041103934268589,0.556243839361227,5
LLAMA70B,lora_matched,parameter_matched_frozen_feature_adapter_v1,identity,0.13386095315217972,0.10794183435378142,0.15978007195057803,5
LLAMA70B,lora_matched,parameter_matched_frozen_feature_adapter_v1,idempotence,0.1338609576225281,0.10794184631288338,0.15978006893217278,5
LLAMA70B,lora_matched,parameter_matched_frozen_feature_adapter_v1,commutation,0.0,0.0,0.0,5
LLAMA70B,lora_matched,parameter_matched_frozen_feature_adapter_v1,last_write_wins,0.1338609576225281,0.10794184631288338,0.15978006893217278,5
LLAMA70B,loreft,command_conditioned_loreft_style_residual_v1,balanced_accuracy,0.5311870336532593,0.5021513081847805,0.560222759121738,5
LLAMA70B,loreft,command_conditioned_loreft_style_residual_v1,identity,0.017259730957448483,0.014542478548307428,0.019976983366589537,5
LLAMA70B,loreft,command_conditioned_loreft_style_residual_v1,idempotence,0.01725973077118397,0.01454247871420409,0.019976982828163847,5
LLAMA70B,loreft,command_conditioned_loreft_style_residual_v1,commutation,0.0,0.0,0.0,5
LLAMA70B,loreft,command_conditioned_loreft_style_residual_v1,last_write_wins,0.01725973077118397,0.01454247871420409,0.019976982828163847,5
LLAMA70B,o2,state_independent_command_indexed_o2_v1,balanced_accuracy,0.5579052686691284,0.5284168394067571,0.5873936979314996,5
LLAMA70B,o2,state_independent_command_indexed_o2_v1,identity,0.001943879621103406,0.000977909327117872,0.0029098499150889403,5
LLAMA70B,o2,state_independent_command_indexed_o2_v1,idempotence,0.007044009072706104,0.003894120197776849,0.010193897947635358,5
LLAMA70B,o2,state_independent_command_indexed_o2_v1,commutation,1.1113952970483329e-15,9.039241970226945e-16,1.3188663970739713e-15,5
LLAMA70B,o2,state_independent_command_indexed_o2_v1,last_write_wins,0.007044009072706104,0.003894120197776849,0.010193897947635358,5
PHI14B,lora_matched,parameter_matched_frozen_feature_adapter_v1,balanced_accuracy,0.5315723896026612,0.486397363521735,0.5767474156835873,5
PHI14B,lora_matched,parameter_matched_frozen_feature_adapter_v1,identity,0.18757209181785583,0.1414978555736106,0.23364632806210106,5
PHI14B,lora_matched,parameter_matched_frozen_feature_adapter_v1,idempotence,0.187567862868309,0.14149655568743733,0.2336391700491807,5
PHI14B,lora_matched,parameter_matched_frozen_feature_adapter_v1,commutation,0.0,0.0,0.0,5
PHI14B,lora_matched,parameter_matched_frozen_feature_adapter_v1,last_write_wins,0.187567862868309,0.14149655568743733,0.2336391700491807,5
PHI14B,loreft,command_conditioned_loreft_style_residual_v1,balanced_accuracy,0.537145870923996,0.505442064715137,0.5688496771328551,5
PHI14B,loreft,command_conditioned_loreft_style_residual_v1,identity,0.025940162315964698,0.018475758059974638,0.03340456657195476,5
PHI14B,loreft,command_conditioned_loreft_style_residual_v1,idempotence,0.02552001439034939,0.017706069562105842,0.03333395921859293,5
PHI14B,loreft,command_conditioned_loreft_style_residual_v1,commutation,1.7310397925863578e-05,-1.0711378135385932e-05,4.5332173987113087e-05,5
PHI14B,loreft,command_conditioned_loreft_style_residual_v1,last_write_wins,0.025610562041401864,0.017752519849813044,0.03346860423299068,5
PHI14B,o2,state_independent_command_indexed_o2_v1,balanced_accuracy,0.5486970186233521,0.5001419872292568,0.5972520500174473,5
PHI14B,o2,state_independent_command_indexed_o2_v1,identity,0.001588477287441492,0.00047569120820823937,0.002701263366674745,5
PHI14B,o2,state_independent_command_indexed_o2_v1,idempotence,0.005463482392951846,0.002942801803860985,0.007984162982042707,5
PHI14B,o2,state_independent_command_indexed_o2_v1,commutation,6.430991984668106e-16,5.095892472907913e-16,7.766091496428298e-16,5
PHI14B,o2,state_independent_command_indexed_o2_v1,last_write_wins,0.005463482299819589,0.002942801785959791,0.007984162813679387,5
QWEN32,lora_matched,parameter_matched_frozen_feature_adapter_v1,balanced_accuracy,0.5324720859527587,0.5154006372371314,0.5495435346683861,5
QWEN32,lora_matched,parameter_matched_frozen_feature_adapter_v1,identity,0.236346036195755,0.1693241415086602,0.3033679308828498,5
QWEN32,lora_matched,parameter_matched_frozen_feature_adapter_v1,idempotence,0.23634603321552278,0.1693241480939423,0.30336791833710325,5
QWEN32,lora_matched,parameter_matched_frozen_feature_adapter_v1,commutation,0.0,0.0,0.0,5
QWEN32,lora_matched,parameter_matched_frozen_feature_adapter_v1,last_write_wins,0.23634603321552278,0.1693241480939423,0.30336791833710325,5
QWEN32,loreft,command_conditioned_loreft_style_residual_v1,balanced_accuracy,0.5317077159881591,0.5071765673488059,0.5562388646275124,5
QWEN32,loreft,command_conditioned_loreft_style_residual_v1,identity,0.03206167668104172,0.023535701041586247,0.04058765232049719,5
QWEN32,loreft,command_conditioned_loreft_style_residual_v1,idempotence,0.03206167556345463,0.023535699077684158,0.0405876520492251,5
QWEN32,loreft,command_conditioned_loreft_style_residual_v1,commutation,2.2149000163248707e-15,-3.934648292502841e-15,8.364448325152583e-15,5
QWEN32,loreft,command_conditioned_loreft_style_residual_v1,last_write_wins,0.0320616751909256,0.023535698522833114,0.04058765185901808,5
QWEN32,o2,state_independent_command_indexed_o2_v1,balanced_accuracy,0.5533278942108154,0.5241413623476389,0.582514426073992,5
QWEN32,o2,state_independent_command_indexed_o2_v1,identity,0.004563463386148214,0.001989629396159276,0.007137297376137153,5
QWEN32,o2,state_independent_command_indexed_o2_v1,idempotence,0.01600081417709589,0.00922749565002384,0.022774132704167935,5
QWEN32,o2,state_independent_command_indexed_o2_v1,commutation,1.7782531979383872e-15,1.2852841240079458e-15,2.2712222718688287e-15,5
QWEN32,o2,state_independent_command_indexed_o2_v1,last_write_wins,0.01600081454962492,0.009227495885924836,0.022774133213325005,5
QWEN7B,lora_matched,parameter_matched_frozen_feature_adapter_v1,balanced_accuracy,0.542514157295227,0.5257726107294178,0.5592557038610362,5
QWEN7B,lora_matched,parameter_matched_frozen_feature_adapter_v1,identity,0.3121138453483582,0.19097362412669106,0.4332540665700253,5
QWEN7B,lora_matched,parameter_matched_frozen_feature_adapter_v1,idempotence,0.31211383938789367,0.19097362559946987,0.4332540531763175,5
QWEN7B,lora_matched,parameter_matched_frozen_feature_adapter_v1,commutation,0.0,0.0,0.0,5
QWEN7B,lora_matched,parameter_matched_frozen_feature_adapter_v1,last_write_wins,0.31211383938789367,0.19097362559946987,0.4332540531763175,5
QWEN7B,loreft,command_conditioned_loreft_style_residual_v1,balanced_accuracy,0.5445950269699097,0.5288793289223842,0.5603107250174352,5
QWEN7B,loreft,command_conditioned_loreft_style_residual_v1,identity,0.039054834842681886,0.024646705450170718,0.053462964235193054,5
QWEN7B,loreft,command_conditioned_loreft_style_residual_v1,idempotence,0.039054835215210915,0.024646704899148338,0.05346296553127349,5
QWEN7B,loreft,command_conditioned_loreft_style_residual_v1,commutation,5.3070836902509e-19,-9.427742844421281e-19,2.0041910224923082e-18,5
QWEN7B,loreft,command_conditioned_loreft_style_residual_v1,last_write_wins,0.039054835215210915,0.024646704899148338,0.05346296553127349,5
QWEN7B,o2,state_independent_command_indexed_o2_v1,balanced_accuracy,0.5576656103134155,0.541672621580314,0.5736585990465171,5
QWEN7B,o2,state_independent_command_indexed_o2_v1,identity,0.008309737779200077,0.0039994425223245905,0.012620033036075564,5
QWEN7B,o2,state_independent_command_indexed_o2_v1,idempotence,0.03815753944218159,0.027343931361837617,0.04897114752252556,5
QWEN7B,o2,state_independent_command_indexed_o2_v1,commutation,5.092699282709155e-15,3.857238627714115e-15,6.328159937704195e-15,5
QWEN7B,o2,state_independent_command_indexed_o2_v1,last_write_wins,0.03815753869712353,0.027343931961485567,0.048971145432761494,5
