backbone,prefix,seed,graph_seed,correct_change_accuracy,correct_preservation_accuracy,correct_balanced_accuracy,correct_target_success,wrong_target_change_accuracy,wrong_target_preservation_accuracy,wrong_target_balanced_accuracy,wrong_target_target_success,inverted_value_change_accuracy,inverted_value_preservation_accuracy,inverted_value_balanced_accuracy,inverted_value_target_success,wrong_minus_correct_balanced,wrong_minus_correct_target_success,inverted_minus_correct_balanced,inverted_minus_correct_target_success,wrong_decision_vector_changed_fraction,inverted_decision_vector_changed_fraction,correct_pointer_top1,wrong_pointer_top1_against_true,inverted_pointer_top1_against_true,checkpoint_sha256,metric_source_path,metric_source_sha256
meta-llama/Llama-3.3-70B-Instruct,llama70b,801,3021,0.42578125,0.6431347131729126,0.5344579815864563,0.5,0.42578125,0.6431347131729126,0.5344579815864563,0.5,0.42578125,0.6431347131729126,0.5344579815864563,0.5,0.0,0.0,0.0,0.0,0.0,0.0,1.0,0.0,1.0,not-published,outputs/llama70b-a1/xor/t3b_pointer/seed-801/run_summary.json,not-published
meta-llama/Llama-3.3-70B-Instruct,llama70b,802,3022,0.4454022943973541,0.5888521075248718,0.517127200961113,0.5,0.4454022943973541,0.5888521075248718,0.517127200961113,0.5,0.4454022943973541,0.5888521075248718,0.517127200961113,0.5,0.0,0.0,0.0,0.0,0.0,0.0,1.0,0.0,1.0,not-published,outputs/llama70b-a1/xor/t3b_pointer/seed-802/run_summary.json,not-published
meta-llama/Llama-3.3-70B-Instruct,llama70b,803,3023,0.4300000071525574,0.6629032492637634,0.5464516282081604,0.5,0.4300000071525574,0.6629032492637634,0.5464516282081604,0.5,0.4300000071525574,0.6629032492637634,0.5464516282081604,0.5,0.0,0.0,0.0,0.0,0.0,0.0,1.0,0.0,1.0,not-published,outputs/llama70b-a1/xor/t3b_pointer/seed-803/run_summary.json,not-published
meta-llama/Llama-3.3-70B-Instruct,llama70b,804,3024,0.4737156331539154,0.5212579369544983,0.49748678505420685,0.5166666507720947,0.47431302070617676,0.5213675498962402,0.4978402853012085,0.5,0.47013139724731445,0.5206004977226257,0.4953659474849701,0.4833333492279053,0.00035350024700164795,-0.016666650772094727,-0.0021208375692367554,-0.03333330154418945,0.03333333507180214,0.03333333507180214,1.0,0.0,1.0,not-published,outputs/llama70b-a1/xor/t3b_pointer/seed-804/run_summary.json,not-published
meta-llama/Llama-3.3-70B-Instruct,llama70b,805,3025,0.42195767164230347,0.7004737257957458,0.5612156987190247,0.5,0.42195767164230347,0.7004737257957458,0.5612156987190247,0.5,0.42195767164230347,0.7004737257957458,0.5612156987190247,0.5,0.0,0.0,0.0,0.0,0.0,0.0,1.0,0.0,1.0,not-published,outputs/llama70b-a1/xor/t3b_pointer/seed-805/run_summary.json,not-published
meta-llama/Llama-3.3-70B-Instruct,llama70b,806,3026,0.5203562378883362,0.5359774827957153,0.5281668603420258,0.5,0.5203562378883362,0.5359774827957153,0.5281668603420258,0.5,0.5203562378883362,0.5359774827957153,0.5281668603420258,0.5,0.0,0.0,0.0,0.0,0.0,0.0,1.0,0.0,1.0,not-published,outputs/llama70b-a1/xor/t3b_pointer/seed-806/run_summary.json,not-published
meta-llama/Llama-3.3-70B-Instruct,llama70b,807,3027,0.4275362491607666,0.6358810663223267,0.5317086577415466,0.5,0.4275362491607666,0.6358810663223267,0.5317086577415466,0.5,0.4275362491607666,0.6358810663223267,0.5317086577415466,0.5,0.0,0.0,0.0,0.0,0.0,0.0,1.0,0.0,1.0,not-published,outputs/llama70b-a1/xor/t3b_pointer/seed-807/run_summary.json,not-published
meta-llama/Llama-3.3-70B-Instruct,llama70b,808,3028,0.417919784784317,0.6291829347610474,0.5235513597726822,0.5,0.417919784784317,0.6291829347610474,0.5235513597726822,0.5,0.417919784784317,0.6291829347610474,0.5235513597726822,0.5,0.0,0.0,0.0,0.0,0.0,0.0,1.0,0.0,1.0,not-published,outputs/llama70b-a1/xor/t3b_pointer/seed-808/run_summary.json,not-published
meta-llama/Llama-3.3-70B-Instruct,llama70b,809,3029,0.4101611077785492,0.5887219905853271,0.49944154918193817,0.5,0.4101611077785492,0.5887219905853271,0.49944154918193817,0.5,0.4101611077785492,0.5887219905853271,0.49944154918193817,0.5,0.0,0.0,0.0,0.0,0.0,0.0,1.0,0.0,1.0,not-published,outputs/llama70b-a1/xor/t3b_pointer/seed-809/run_summary.json,not-published
meta-llama/Llama-3.3-70B-Instruct,llama70b,810,3030,0.5519773960113525,0.4703211486339569,0.5111492723226547,0.5,0.5519773960113525,0.4703211486339569,0.5111492723226547,0.5,0.5519773960113525,0.4703211486339569,0.5111492723226547,0.5,0.0,0.0,0.0,0.0,0.0,0.0,1.0,0.0,1.0,not-published,outputs/llama70b-a1/xor/t3b_pointer/seed-810/run_summary.json,not-published
meta-llama/Llama-3.3-70B-Instruct,llama70b,811,3031,0.48977136611938477,0.6031954288482666,0.5464833974838257,0.5,0.48977136611938477,0.6031954288482666,0.5464833974838257,0.5,0.48977136611938477,0.6031954288482666,0.5464833974838257,0.5,0.0,0.0,0.0,0.0,0.0,0.0,1.0,0.0,1.0,not-published,outputs/llama70b-a1/xor/t3b_pointer/seed-811/run_summary.json,not-published
meta-llama/Llama-3.3-70B-Instruct,llama70b,812,3032,0.4682539701461792,0.5535635352134705,0.5109087526798248,0.5,0.4682539701461792,0.5535635352134705,0.5109087526798248,0.5,0.4682539701461792,0.5535635352134705,0.5109087526798248,0.5,0.0,0.0,0.0,0.0,0.0,0.0,1.0,0.0,1.0,not-published,outputs/llama70b-a1/xor/t3b_pointer/seed-812/run_summary.json,not-published
meta-llama/Llama-3.3-70B-Instruct,llama70b,813,3033,0.41909974813461304,0.6034294366836548,0.5112645924091339,0.5,0.41909974813461304,0.6034294366836548,0.5112645924091339,0.5,0.41909974813461304,0.6034294366836548,0.5112645924091339,0.5,0.0,0.0,0.0,0.0,0.0,0.0,1.0,0.0,1.0,not-published,outputs/llama70b-a1/xor/t3b_pointer/seed-813/run_summary.json,not-published
meta-llama/Llama-3.3-70B-Instruct,llama70b,814,3034,0.42941176891326904,0.5983818769454956,0.5138968229293823,0.5,0.42941176891326904,0.5983818769454956,0.5138968229293823,0.5,0.42941176891326904,0.5983818769454956,0.5138968229293823,0.5,0.0,0.0,0.0,0.0,0.0,0.0,1.0,0.0,1.0,not-published,outputs/llama70b-a1/xor/t3b_pointer/seed-814/run_summary.json,not-published
meta-llama/Llama-3.3-70B-Instruct,llama70b,815,3035,0.5810276865959167,0.5067873597145081,0.5439075231552124,0.5,0.5810276865959167,0.5067873597145081,0.5439075231552124,0.5,0.5810276865959167,0.5067873597145081,0.5439075231552124,0.5,0.0,0.0,0.0,0.0,0.0,0.0,1.0,0.0,1.0,not-published,outputs/llama70b-a1/xor/t3b_pointer/seed-815/run_summary.json,not-published
meta-llama/Llama-3.3-70B-Instruct,llama70b,816,3036,0.4969136118888855,0.577886700630188,0.5374001562595367,0.5,0.4969136118888855,0.577886700630188,0.5374001562595367,0.5,0.4969136118888855,0.577886700630188,0.5374001562595367,0.5,0.0,0.0,0.0,0.0,0.0,0.0,1.0,0.0,1.0,not-published,outputs/llama70b-a1/xor/t3b_pointer/seed-816/run_summary.json,not-published
meta-llama/Llama-3.3-70B-Instruct,llama70b,817,3037,0.5432977676391602,0.5145929455757141,0.5289453566074371,0.5,0.5432977676391602,0.5145929455757141,0.5289453566074371,0.5,0.5432977676391602,0.5145929455757141,0.5289453566074371,0.5,0.0,0.0,0.0,0.0,0.0,0.0,1.0,0.0,1.0,not-published,outputs/llama70b-a1/xor/t3b_pointer/seed-817/run_summary.json,not-published
meta-llama/Llama-3.3-70B-Instruct,llama70b,818,3038,0.5211640000343323,0.511223316192627,0.5161936581134796,0.5,0.5211640000343323,0.511223316192627,0.5161936581134796,0.5,0.5211640000343323,0.511223316192627,0.5161936581134796,0.5,0.0,0.0,0.0,0.0,0.0,0.0,1.0,0.0,1.0,not-published,outputs/llama70b-a1/xor/t3b_pointer/seed-818/run_summary.json,not-published
meta-llama/Llama-3.3-70B-Instruct,llama70b,819,3039,0.473557710647583,0.597047746181488,0.5353027284145355,0.5,0.473557710647583,0.597047746181488,0.5353027284145355,0.5,0.473557710647583,0.597047746181488,0.5353027284145355,0.5,0.0,0.0,0.0,0.0,0.0,0.0,1.0,0.0,1.0,not-published,outputs/llama70b-a1/xor/t3b_pointer/seed-819/run_summary.json,not-published
meta-llama/Llama-3.3-70B-Instruct,llama70b,820,3040,0.4038461744785309,0.6071428656578064,0.5054945200681686,0.5,0.4038461744785309,0.6071428656578064,0.5054945200681686,0.5,0.4038461744785309,0.6071428656578064,0.5054945200681686,0.5,0.0,0.0,0.0,0.0,0.0,0.0,1.0,0.0,1.0,not-published,outputs/llama70b-a1/xor/t3b_pointer/seed-820/run_summary.json,not-published
microsoft/phi-4,phi14b,801,3021,0.4440104365348816,0.6008203625679016,0.5224153995513916,0.5,0.4440104365348816,0.6008203625679016,0.5224153995513916,0.5,0.4440104365348816,0.6008203625679016,0.5224153995513916,0.5,0.0,0.0,0.0,0.0,0.0,0.0,1.0,0.0,1.0,not-published,outputs/phi14b-a1/xor/t3b_pointer/seed-801/run_summary.json,not-published
microsoft/phi-4,phi14b,802,3022,0.49425286054611206,0.5518763661384583,0.5230646133422852,0.5,0.49425286054611206,0.5518763661384583,0.5230646133422852,0.5,0.49425286054611206,0.5518763661384583,0.5230646133422852,0.5,0.0,0.0,0.0,0.0,0.0,0.0,1.0,0.0,1.0,not-published,outputs/phi14b-a1/xor/t3b_pointer/seed-802/run_summary.json,not-published
microsoft/phi-4,phi14b,803,3023,0.4266666769981384,0.6301075220108032,0.5283870995044708,0.5,0.4266666769981384,0.6301075220108032,0.5283870995044708,0.5,0.4266666769981384,0.6301075220108032,0.5283870995044708,0.5,0.0,0.0,0.0,0.0,0.0,0.0,1.0,0.0,1.0,not-published,outputs/phi14b-a1/xor/t3b_pointer/seed-803/run_summary.json,not-published
microsoft/phi-4,phi14b,804,3024,0.43488648533821106,0.56695157289505,0.5009190291166306,0.5,0.43488648533821106,0.56695157289505,0.5009190291166306,0.5,0.43488648533821106,0.56695157289505,0.5009190291166306,0.5,0.0,0.0,0.0,0.0,0.0,0.0,1.0,0.0,1.0,not-published,outputs/phi14b-a1/xor/t3b_pointer/seed-804/run_summary.json,not-published
microsoft/phi-4,phi14b,805,3025,0.4325396716594696,0.6960594654083252,0.5642995685338974,0.5555555820465088,0.40740740299224854,0.6919681429862976,0.5496877729892731,0.5,0.41600528359413147,0.6933677792549133,0.5546865314245224,0.4444444477558136,-0.014611795544624329,-0.05555558204650879,-0.009613037109375,-0.11111113429069519,0.46666666865348816,0.30000001192092896,1.0,0.0,1.0,not-published,outputs/phi14b-a1/xor/t3b_pointer/seed-805/run_summary.json,not-published
microsoft/phi-4,phi14b,806,3026,0.5642493367195129,0.5449718236923218,0.5546105802059174,0.550000011920929,0.5477099418640137,0.5421543121337891,0.5449321269989014,0.5166666507720947,0.5419847369194031,0.5411790013313293,0.5415818691253662,0.45000001788139343,-0.009678453207015991,-0.03333336114883423,-0.013028711080551147,-0.09999999403953552,0.5833333730697632,0.4166666865348816,1.0,0.0,1.0,not-published,outputs/phi14b-a1/xor/t3b_pointer/seed-806/run_summary.json,not-published
microsoft/phi-4,phi14b,807,3027,0.3637681305408478,0.7029723525047302,0.533370241522789,0.5,0.3637681305408478,0.7029723525047302,0.533370241522789,0.5,0.3637681305408478,0.7029723525047302,0.533370241522789,0.5,0.0,0.0,0.0,0.0,0.0,0.0,1.0,0.0,1.0,not-published,outputs/phi14b-a1/xor/t3b_pointer/seed-807/run_summary.json,not-published
microsoft/phi-4,phi14b,808,3028,0.4649122655391693,0.5915905833244324,0.5282514244318008,0.6694444417953491,0.45927318930625916,0.5906127691268921,0.5249429792165756,0.5111111402511597,0.439223051071167,0.5871360301971436,0.5131795406341553,0.3305555582046509,-0.0033084452152252197,-0.15833330154418945,-0.015071883797645569,-0.33888888359069824,0.8416666984558105,0.699999988079071,1.0,0.0,1.0,not-published,outputs/phi14b-a1/xor/t3b_pointer/seed-808/run_summary.json,not-published
microsoft/phi-4,phi14b,809,3029,0.4869888722896576,0.5885042548179626,0.5377465635538101,0.5333333611488342,0.4690210819244385,0.5853472948074341,0.5271841883659363,0.49722224473953247,0.4752168655395508,0.5864359140396118,0.5308263897895813,0.46666666865348816,-0.01056237518787384,-0.03611111640930176,-0.006920173764228821,-0.06666669249534607,0.28333333134651184,0.10000000149011612,1.0,0.0,1.0,not-published,outputs/phi14b-a1/xor/t3b_pointer/seed-809/run_summary.json,not-published
microsoft/phi-4,phi14b,810,3030,0.505084753036499,0.5275747776031494,0.5163297653198242,0.5,0.505084753036499,0.5275747776031494,0.5163297653198242,0.5,0.505084753036499,0.5275747776031494,0.5163297653198242,0.5,0.0,0.0,0.0,0.0,0.0,0.0,1.0,0.0,1.0,not-published,outputs/phi14b-a1/xor/t3b_pointer/seed-810/run_summary.json,not-published
microsoft/phi-4,phi14b,811,3031,0.5186522603034973,0.5495732426643372,0.5341127514839172,0.5055555701255798,0.5174488425254822,0.5493543744087219,0.533401608467102,0.5083333253860474,0.5174488425254822,0.5493543744087219,0.533401608467102,0.49444445967674255,-0.0007111430168151855,0.0027777552604675293,-0.0007111430168151855,-0.01111111044883728,0.03333333507180214,0.03333333507180214,1.0,0.0,1.0,not-published,outputs/phi14b-a1/xor/t3b_pointer/seed-811/run_summary.json,not-published
microsoft/phi-4,phi14b,812,3032,0.4931972920894623,0.5849933624267578,0.53909532725811,0.5,0.4931972920894623,0.5849933624267578,0.53909532725811,0.5,0.4931972920894623,0.5849933624267578,0.53909532725811,0.5,0.0,0.0,0.0,0.0,0.0,0.0,1.0,0.0,1.0,not-published,outputs/phi14b-a1/xor/t3b_pointer/seed-812/run_summary.json,not-published
microsoft/phi-4,phi14b,813,3033,0.3959853947162628,0.5796199440956116,0.4878026694059372,0.5,0.3959853947162628,0.5796199440956116,0.4878026694059372,0.5,0.3959853947162628,0.5796199440956116,0.4878026694059372,0.5,0.0,0.0,0.0,0.0,0.0,0.0,1.0,0.0,1.0,not-published,outputs/phi14b-a1/xor/t3b_pointer/seed-813/run_summary.json,not-published
microsoft/phi-4,phi14b,814,3034,0.5117647051811218,0.547033429145813,0.5293990671634674,0.5166666507720947,0.5039215683937073,0.545738935470581,0.5248302519321442,0.5,0.5013071894645691,0.545307457447052,0.5233073234558105,0.4833333492279053,-0.004568815231323242,-0.016666650772094727,-0.00609174370765686,-0.03333330154418945,0.06666667014360428,0.06666667014360428,1.0,0.0,1.0,not-published,outputs/phi14b-a1/xor/t3b_pointer/seed-814/run_summary.json,not-published
microsoft/phi-4,phi14b,815,3035,0.5447958111763,0.546541690826416,0.545668751001358,0.5833333730697632,0.5263504385948181,0.5435250997543335,0.5349377691745758,0.49722224473953247,0.5191040635108948,0.5423400402069092,0.530722051858902,0.4166666865348816,-0.010730981826782227,-0.08611112833023071,-0.014946699142456055,-0.1666666865348816,0.2805555760860443,0.32777777314186096,1.0,0.0,1.0,not-published,outputs/phi14b-a1/xor/t3b_pointer/seed-815/run_summary.json,not-published
microsoft/phi-4,phi14b,816,3036,0.47160497307777405,0.5472766757011414,0.5094408243894577,0.5,0.47160497307777405,0.5472766757011414,0.5094408243894577,0.5,0.47160497307777405,0.5472766757011414,0.5094408243894577,0.5,0.0,0.0,0.0,0.0,0.0,0.0,1.0,0.0,1.0,not-published,outputs/phi14b-a1/xor/t3b_pointer/seed-816/run_summary.json,not-published
microsoft/phi-4,phi14b,817,3037,0.5172004699707031,0.5571647882461548,0.537182629108429,0.5250000357627869,0.5172004699707031,0.5571647882461548,0.537182629108429,0.49444445967674255,0.510083019733429,0.5558481812477112,0.5329656004905701,0.4750000238418579,0.0,-0.03055557608604431,-0.004217028617858887,-0.050000011920928955,0.2222222238779068,0.21111111342906952,1.0,0.0,1.0,not-published,outputs/phi14b-a1/xor/t3b_pointer/seed-817/run_summary.json,not-published
microsoft/phi-4,phi14b,818,3038,0.529629647731781,0.46588101983070374,0.49775533378124237,0.5,0.529629647731781,0.46588101983070374,0.49775533378124237,0.5,0.529629647731781,0.46588101983070374,0.49775533378124237,0.5,0.0,0.0,0.0,0.0,0.0,0.0,1.0,0.0,1.0,not-published,outputs/phi14b-a1/xor/t3b_pointer/seed-818/run_summary.json,not-published
microsoft/phi-4,phi14b,819,3039,0.5328525900840759,0.6202889084815979,0.5765707492828369,0.7138888835906982,0.44711539149284363,0.6090871095657349,0.5281012505292892,0.49166667461395264,0.4615384638309479,0.6109715104103088,0.5362549871206284,0.28611111640930176,-0.04846949875354767,-0.2222222089767456,-0.04031576216220856,-0.4277777671813965,0.9166666865348816,0.7444444894790649,1.0,0.0,1.0,not-published,outputs/phi14b-a1/xor/t3b_pointer/seed-819/run_summary.json,not-published
microsoft/phi-4,phi14b,820,3040,0.4326923191547394,0.6309524178504944,0.5318223685026169,0.5138888955116272,0.43397438526153564,0.6311688423156738,0.5325716137886047,0.49722224473953247,0.4294871985912323,0.6304112672805786,0.5299492329359055,0.4861111342906952,0.000749245285987854,-0.016666650772094727,-0.0018731355667114258,-0.027777761220932007,0.06666667014360428,0.06666667014360428,1.0,0.0,1.0,not-published,outputs/phi14b-a1/xor/t3b_pointer/seed-820/run_summary.json,not-published
Qwen/Qwen2.5-32B-Instruct,qwen32,801,3021,0.4446614682674408,0.6333117485046387,0.5389866083860397,0.5,0.4446614682674408,0.6333117485046387,0.5389866083860397,0.5,0.4446614682674408,0.6333117485046387,0.5389866083860397,0.5,0.0,0.0,0.0,0.0,0.0,0.0,1.0,0.0,1.0,not-published,outputs/qwen32-a1/xor/t3b_pointer/seed-801/run_summary.json,not-published
Qwen/Qwen2.5-32B-Instruct,qwen32,802,3022,0.5206896662712097,0.5036423802375793,0.5121660232543945,0.6000000238418579,0.5189655423164368,0.5033112168312073,0.511138379573822,0.5305555462837219,0.49712643027305603,0.499116986989975,0.4981217086315155,0.4000000059604645,-0.0010276436805725098,-0.06944447755813599,-0.014044314622879028,-0.20000001788139343,0.4166666865348816,0.6222222447395325,1.0,0.0,1.0,not-published,outputs/qwen32-a1/xor/t3b_pointer/seed-802/run_summary.json,not-published
Qwen/Qwen2.5-32B-Instruct,qwen32,803,3023,0.43066665530204773,0.6372042894363403,0.533935472369194,0.5,0.43066665530204773,0.6372042894363403,0.533935472369194,0.5,0.43066665530204773,0.6372042894363403,0.533935472369194,0.5,0.0,0.0,0.0,0.0,0.0,0.0,1.0,0.0,1.0,not-published,outputs/qwen32-a1/xor/t3b_pointer/seed-803/run_summary.json,not-published
Qwen/Qwen2.5-32B-Instruct,qwen32,804,3024,0.4814814627170563,0.5557747483253479,0.5186281055212021,0.5,0.4814814627170563,0.5557747483253479,0.5186281055212021,0.5,0.4814814627170563,0.5557747483253479,0.5186281055212021,0.5,0.0,0.0,0.0,0.0,0.0,0.0,1.0,0.0,1.0,not-published,outputs/qwen32-a1/xor/t3b_pointer/seed-804/run_summary.json,not-published
Qwen/Qwen2.5-32B-Instruct,qwen32,805,3025,0.4007936418056488,0.699397087097168,0.5500953644514084,0.5305555462837219,0.3888888657093048,0.6974591016769409,0.5431739836931229,0.5027778148651123,0.38624337315559387,0.6970284581184387,0.5416359156370163,0.4694444537162781,-0.0069213807582855225,-0.02777773141860962,-0.00845944881439209,-0.06111109256744385,0.1666666716337204,0.10000000149011612,1.0,0.0,1.0,not-published,outputs/qwen32-a1/xor/t3b_pointer/seed-805/run_summary.json,not-published
Qwen/Qwen2.5-32B-Instruct,qwen32,806,3026,0.3861323297023773,0.6236454248428345,0.5048888772726059,0.5,0.3861323297023773,0.6236454248428345,0.5048888772726059,0.5,0.3861323297023773,0.6236454248428345,0.5048888772726059,0.5,0.0,0.0,0.0,0.0,0.0,0.0,1.0,0.0,1.0,not-published,outputs/qwen32-a1/xor/t3b_pointer/seed-806/run_summary.json,not-published
Qwen/Qwen2.5-32B-Instruct,qwen32,807,3027,0.28405797481536865,0.7868365049362183,0.5354472398757935,0.5,0.28405797481536865,0.7868365049362183,0.5354472398757935,0.5,0.28405797481536865,0.7868365049362183,0.5354472398757935,0.5,0.0,0.0,0.0,0.0,0.0,0.0,1.0,0.0,1.0,not-published,outputs/qwen32-a1/xor/t3b_pointer/seed-807/run_summary.json,not-published
Qwen/Qwen2.5-32B-Instruct,qwen32,808,3028,0.38471177220344543,0.7016514539718628,0.5431816130876541,0.5,0.38471177220344543,0.7016514539718628,0.5431816130876541,0.5,0.38471177220344543,0.7016514539718628,0.5431816130876541,0.5,0.0,0.0,0.0,0.0,0.0,0.0,1.0,0.0,1.0,not-published,outputs/qwen32-a1/xor/t3b_pointer/seed-808/run_summary.json,not-published
Qwen/Qwen2.5-32B-Instruct,qwen32,809,3029,0.4690210819244385,0.5860004425048828,0.5275107622146606,0.5,0.4690210819244385,0.5860004425048828,0.5275107622146606,0.5,0.4690210819244385,0.5860004425048828,0.5275107622146606,0.5,0.0,0.0,0.0,0.0,0.0,0.0,1.0,0.0,1.0,not-published,outputs/qwen32-a1/xor/t3b_pointer/seed-809/run_summary.json,not-published
Qwen/Qwen2.5-32B-Instruct,qwen32,810,3030,0.5491525530815125,0.4897010028362274,0.5194267779588699,0.5,0.5491525530815125,0.4897010028362274,0.5194267779588699,0.5,0.5491525530815125,0.4897010028362274,0.5194267779588699,0.5,0.0,0.0,0.0,0.0,0.0,0.0,1.0,0.0,1.0,not-published,outputs/qwen32-a1/xor/t3b_pointer/seed-810/run_summary.json,not-published
Qwen/Qwen2.5-32B-Instruct,qwen32,811,3031,0.5150421261787415,0.568395733833313,0.5417189300060272,0.5,0.5150421261787415,0.568395733833313,0.5417189300060272,0.5,0.5150421261787415,0.568395733833313,0.5417189300060272,0.5,0.0,0.0,0.0,0.0,0.0,0.0,1.0,0.0,1.0,not-published,outputs/qwen32-a1/xor/t3b_pointer/seed-811/run_summary.json,not-published
Qwen/Qwen2.5-32B-Instruct,qwen32,812,3032,0.5623582601547241,0.4988933205604553,0.5306257903575897,0.5,0.5623582601547241,0.4988933205604553,0.5306257903575897,0.5,0.5623582601547241,0.4988933205604553,0.5306257903575897,0.5,0.0,0.0,0.0,0.0,0.0,0.0,1.0,0.0,1.0,not-published,outputs/qwen32-a1/xor/t3b_pointer/seed-812/run_summary.json,not-published
Qwen/Qwen2.5-32B-Instruct,qwen32,813,3033,0.4531630277633667,0.5898864269256592,0.5215247273445129,0.5,0.4531630277633667,0.5898864269256592,0.5215247273445129,0.5,0.4531630277633667,0.5898864269256592,0.5215247273445129,0.5,0.0,0.0,0.0,0.0,0.0,0.0,1.0,0.0,1.0,not-published,outputs/qwen32-a1/xor/t3b_pointer/seed-813/run_summary.json,not-published
Qwen/Qwen2.5-32B-Instruct,qwen32,814,3034,0.5026143789291382,0.5133764743804932,0.5079954266548157,0.5,0.5026143789291382,0.5133764743804932,0.5079954266548157,0.5,0.5026143789291382,0.5133764743804932,0.5079954266548157,0.5,0.0,0.0,0.0,0.0,0.0,0.0,1.0,0.0,1.0,not-published,outputs/qwen32-a1/xor/t3b_pointer/seed-814/run_summary.json,not-published
Qwen/Qwen2.5-32B-Instruct,qwen32,815,3035,0.41370224952697754,0.628097414970398,0.5208998322486877,0.5,0.41370224952697754,0.628097414970398,0.5208998322486877,0.5,0.41370224952697754,0.628097414970398,0.5208998322486877,0.5,0.0,0.0,0.0,0.0,0.0,0.0,1.0,0.0,1.0,not-published,outputs/qwen32-a1/xor/t3b_pointer/seed-815/run_summary.json,not-published
Qwen/Qwen2.5-32B-Instruct,qwen32,816,3036,0.42901235818862915,0.6508714556694031,0.5399419069290161,0.5,0.42901235818862915,0.6508714556694031,0.5399419069290161,0.5,0.42901235818862915,0.6508714556694031,0.5399419069290161,0.5,0.0,0.0,0.0,0.0,0.0,0.0,1.0,0.0,1.0,not-published,outputs/qwen32-a1/xor/t3b_pointer/seed-816/run_summary.json,not-published
Qwen/Qwen2.5-32B-Instruct,qwen32,817,3037,0.4922894537448883,0.5572745203971863,0.5247819870710373,0.5583333373069763,0.48991698026657104,0.5568356513977051,0.5233763158321381,0.46666666865348816,0.48517200350761414,0.5559578537940979,0.520564928650856,0.4416666626930237,-0.001405671238899231,-0.09166666865348816,-0.004217058420181274,-0.11666667461395264,0.48055556416511536,0.36666667461395264,1.0,0.0,1.0,not-published,outputs/qwen32-a1/xor/t3b_pointer/seed-817/run_summary.json,not-published
Qwen/Qwen2.5-32B-Instruct,qwen32,818,3038,0.47777777910232544,0.542424201965332,0.5101009905338287,0.5,0.47777777910232544,0.542424201965332,0.5101009905338287,0.5,0.47777777910232544,0.542424201965332,0.5101009905338287,0.5,0.0,0.0,0.0,0.0,0.0,0.0,1.0,0.0,1.0,not-published,outputs/qwen32-a1/xor/t3b_pointer/seed-818/run_summary.json,not-published
Qwen/Qwen2.5-32B-Instruct,qwen32,819,3039,0.48878204822540283,0.5801926255226135,0.5344873368740082,0.5,0.48878204822540283,0.5801926255226135,0.5344873368740082,0.5,0.48878204822540283,0.5801926255226135,0.5344873368740082,0.5,0.0,0.0,0.0,0.0,0.0,0.0,1.0,0.0,1.0,not-published,outputs/qwen32-a1/xor/t3b_pointer/seed-819/run_summary.json,not-published
Qwen/Qwen2.5-32B-Instruct,qwen32,820,3040,0.4403846263885498,0.5483766198158264,0.4943806231021881,0.5,0.4403846263885498,0.5483766198158264,0.4943806231021881,0.5,0.4403846263885498,0.5483766198158264,0.4943806231021881,0.5,0.0,0.0,0.0,0.0,0.0,0.0,1.0,0.0,1.0,not-published,outputs/qwen32-a1/xor/t3b_pointer/seed-820/run_summary.json,not-published
Qwen/Qwen2.5-7B-Instruct,qwen7b,801,3021,0.4029948115348816,0.6587867140769958,0.5308907628059387,0.5,0.4029948115348816,0.6587867140769958,0.5308907628059387,0.5,0.4029948115348816,0.6587867140769958,0.5308907628059387,0.5,0.0,0.0,0.0,0.0,0.0,0.0,1.0,0.0,1.0,not-published,outputs/qwen7b-a1/xor/t3b_pointer/seed-801/run_summary.json,not-published
Qwen/Qwen2.5-7B-Instruct,qwen7b,802,3022,0.4637930989265442,0.5658940076828003,0.5148435533046722,0.5,0.4637930989265442,0.5658940076828003,0.5148435533046722,0.5,0.4637930989265442,0.5658940076828003,0.5148435533046722,0.5,0.0,0.0,0.0,0.0,0.0,0.0,1.0,0.0,1.0,not-published,outputs/qwen7b-a1/xor/t3b_pointer/seed-802/run_summary.json,not-published
Qwen/Qwen2.5-7B-Instruct,qwen7b,803,3023,0.40533334016799927,0.6653763651847839,0.5353548526763916,0.5,0.40533334016799927,0.6653763651847839,0.5353548526763916,0.5,0.40533334016799927,0.6653763651847839,0.5353548526763916,0.5,0.0,0.0,0.0,0.0,0.0,0.0,1.0,0.0,1.0,not-published,outputs/qwen7b-a1/xor/t3b_pointer/seed-803/run_summary.json,not-published
Qwen/Qwen2.5-7B-Instruct,qwen7b,804,3024,0.5029868483543396,0.533420979976654,0.5182039141654968,0.5,0.5029868483543396,0.533420979976654,0.5182039141654968,0.5,0.5029868483543396,0.533420979976654,0.5182039141654968,0.5,0.0,0.0,0.0,0.0,0.0,0.0,1.0,0.0,1.0,not-published,outputs/qwen7b-a1/xor/t3b_pointer/seed-804/run_summary.json,not-published
Qwen/Qwen2.5-7B-Instruct,qwen7b,805,3025,0.29629629850387573,0.7962962985038757,0.5462962985038757,0.5,0.29629629850387573,0.7962962985038757,0.5462962985038757,0.5,0.29629629850387573,0.7962962985038757,0.5462962985038757,0.5,0.0,0.0,0.0,0.0,0.0,0.0,1.0,0.0,1.0,not-published,outputs/qwen7b-a1/xor/t3b_pointer/seed-805/run_summary.json,not-published
Qwen/Qwen2.5-7B-Instruct,qwen7b,806,3026,0.4554707407951355,0.6094495058059692,0.5324601233005524,0.5,0.4554707407951355,0.6094495058059692,0.5324601233005524,0.5,0.4554707407951355,0.6094495058059692,0.5324601233005524,0.5,0.0,0.0,0.0,0.0,0.0,0.0,1.0,0.0,1.0,not-published,outputs/qwen7b-a1/xor/t3b_pointer/seed-806/run_summary.json,not-published
Qwen/Qwen2.5-7B-Instruct,qwen7b,807,3027,0.2565217614173889,0.8019108176231384,0.5292162895202637,0.5,0.2565217614173889,0.8019108176231384,0.5292162895202637,0.5,0.2565217614173889,0.8019108176231384,0.5292162895202637,0.5,0.0,0.0,0.0,0.0,0.0,0.0,1.0,0.0,1.0,not-published,outputs/qwen7b-a1/xor/t3b_pointer/seed-807/run_summary.json,not-published
Qwen/Qwen2.5-7B-Instruct,qwen7b,808,3028,0.45614033937454224,0.6032159924507141,0.5296781659126282,0.5,0.45614033937454224,0.6032159924507141,0.5296781659126282,0.5,0.45614033937454224,0.6032159924507141,0.5296781659126282,0.5,0.0,0.0,0.0,0.0,0.0,0.0,1.0,0.0,1.0,not-published,outputs/qwen7b-a1/xor/t3b_pointer/seed-808/run_summary.json,not-published
Qwen/Qwen2.5-7B-Instruct,qwen7b,809,3029,0.4553903341293335,0.622795581817627,0.5390929579734802,0.5,0.4553903341293335,0.622795581817627,0.5390929579734802,0.5,0.4553903341293335,0.622795581817627,0.5390929579734802,0.5,0.0,0.0,0.0,0.0,0.0,0.0,1.0,0.0,1.0,not-published,outputs/qwen7b-a1/xor/t3b_pointer/seed-809/run_summary.json,not-published
Qwen/Qwen2.5-7B-Instruct,qwen7b,810,3030,0.5322033762931824,0.5129567980766296,0.522580087184906,0.5,0.5322033762931824,0.5129567980766296,0.522580087184906,0.5,0.5322033762931824,0.5129567980766296,0.522580087184906,0.5,0.0,0.0,0.0,0.0,0.0,0.0,1.0,0.0,1.0,not-published,outputs/qwen7b-a1/xor/t3b_pointer/seed-810/run_summary.json,not-published
Qwen/Qwen2.5-7B-Instruct,qwen7b,811,3031,0.48736461997032166,0.6224557161331177,0.5549101680517197,0.5,0.48736461997032166,0.6224557161331177,0.5549101680517197,0.5,0.48736461997032166,0.6224557161331177,0.5549101680517197,0.5,0.0,0.0,0.0,0.0,0.0,0.0,1.0,0.0,1.0,not-published,outputs/qwen7b-a1/xor/t3b_pointer/seed-811/run_summary.json,not-published
Qwen/Qwen2.5-7B-Instruct,qwen7b,812,3032,0.5515872836112976,0.5034307241439819,0.5275090038776398,0.5,0.5515872836112976,0.5034307241439819,0.5275090038776398,0.5,0.5515872836112976,0.5034307241439819,0.5275090038776398,0.5,0.0,0.0,0.0,0.0,0.0,0.0,1.0,0.0,1.0,not-published,outputs/qwen7b-a1/xor/t3b_pointer/seed-812/run_summary.json,not-published
Qwen/Qwen2.5-7B-Instruct,qwen7b,813,3033,0.47566908597946167,0.6070336699485779,0.5413513779640198,0.5,0.47566908597946167,0.6070336699485779,0.5413513779640198,0.5,0.47566908597946167,0.6070336699485779,0.5413513779640198,0.5,0.0,0.0,0.0,0.0,0.0,0.0,1.0,0.0,1.0,not-published,outputs/qwen7b-a1/xor/t3b_pointer/seed-813/run_summary.json,not-published
Qwen/Qwen2.5-7B-Instruct,qwen7b,814,3034,0.530718982219696,0.550377607345581,0.5405482947826385,0.5,0.530718982219696,0.550377607345581,0.5405482947826385,0.5,0.530718982219696,0.550377607345581,0.5405482947826385,0.5,0.0,0.0,0.0,0.0,0.0,0.0,1.0,0.0,1.0,not-published,outputs/qwen7b-a1/xor/t3b_pointer/seed-814/run_summary.json,not-published
Qwen/Qwen2.5-7B-Instruct,qwen7b,815,3035,0.3445322811603546,0.7072829008102417,0.5259075909852982,0.5,0.3445322811603546,0.7072829008102417,0.5259075909852982,0.5,0.3445322811603546,0.7072829008102417,0.5259075909852982,0.5,0.0,0.0,0.0,0.0,0.0,0.0,1.0,0.0,1.0,not-published,outputs/qwen7b-a1/xor/t3b_pointer/seed-815/run_summary.json,not-published
Qwen/Qwen2.5-7B-Instruct,qwen7b,816,3036,0.47962966561317444,0.5683006644248962,0.5239651650190353,0.5,0.47962966561317444,0.5683006644248962,0.5239651650190353,0.5,0.47962966561317444,0.5683006644248962,0.5239651650190353,0.5,0.0,0.0,0.0,0.0,0.0,0.0,1.0,0.0,1.0,not-published,outputs/qwen7b-a1/xor/t3b_pointer/seed-816/run_summary.json,not-published
Qwen/Qwen2.5-7B-Instruct,qwen7b,817,3037,0.46144720911979675,0.5652841925621033,0.51336570084095,0.5,0.46144720911979675,0.5652841925621033,0.51336570084095,0.5,0.46144720911979675,0.5652841925621033,0.51336570084095,0.5,0.0,0.0,0.0,0.0,0.0,0.0,1.0,0.0,1.0,not-published,outputs/qwen7b-a1/xor/t3b_pointer/seed-817/run_summary.json,not-published
Qwen/Qwen2.5-7B-Instruct,qwen7b,818,3038,0.39841270446777344,0.6198652982711792,0.5091390013694763,0.5,0.39841270446777344,0.6198652982711792,0.5091390013694763,0.5,0.39841270446777344,0.6198652982711792,0.5091390013694763,0.5,0.0,0.0,0.0,0.0,0.0,0.0,1.0,0.0,1.0,not-published,outputs/qwen7b-a1/xor/t3b_pointer/seed-818/run_summary.json,not-published
Qwen/Qwen2.5-7B-Instruct,qwen7b,819,3039,0.5056089758872986,0.5447026491165161,0.5251558125019073,0.5,0.5056089758872986,0.5447026491165161,0.5251558125019073,0.5,0.5056089758872986,0.5447026491165161,0.5251558125019073,0.5,0.0,0.0,0.0,0.0,0.0,0.0,1.0,0.0,1.0,not-published,outputs/qwen7b-a1/xor/t3b_pointer/seed-819/run_summary.json,not-published
Qwen/Qwen2.5-7B-Instruct,qwen7b,820,3040,0.48269233107566833,0.5879870057106018,0.5353396683931351,0.5,0.48269233107566833,0.5879870057106018,0.5353396683931351,0.5,0.48269233107566833,0.5879870057106018,0.5353396683931351,0.5,0.0,0.0,0.0,0.0,0.0,0.0,1.0,0.0,1.0,not-published,outputs/qwen7b-a1/xor/t3b_pointer/seed-820/run_summary.json,not-published
